<Bindings>
	<Binding name="CLICK PallyPowerAutoBtn:LeftButton" header="PALLYPOWER" />
	<Binding name="PPBUFFCYCLE">
		PallyPower:PerformBuffCycle()
	</Binding>
	<Binding name="CLICK PallyPowerAuraBtn:LeftButton"/>
	<Binding name="PPAURACYCLEP">
		PallyPower:PerformAuraCycleBackward()
	</Binding>
	<Binding name="PPAURACYCLEN">
		PallyPower:PerformAuraCycle()
	</Binding>
	<Binding name="CLICK PallyPowerAuraBtn:RightButton"/>
	<Binding name="PPSEALCYCLEP">
		PallyPower:PerformSealCycleBackward()
	</Binding>
	<Binding name="PPSEALCYCLEN">
		PallyPower:PerformSealCycle()
	</Binding>
</Bindings>
