<Ui xmlns="http://www.blizzard.com/wow/ui/" xmlns:xsi="http://www.w3.org/2001/XMLSchema-instance" xsi:schemaLocation="http://www.blizzard.com/wow/ui/
..\FrameXML\UI.xsd">
	<!-- Autoloading of included guides. Add your Guide##.lua files here as you please. -->

	<Script file="ZygorIncludesAlliance.lua"/>
	<Script file="ZygorIncludesHorde.lua"/>

	<Script file="ZygorDungeonsAlliance_DEV.lua"/>
	<Script file="ZygorDungeonsHorde_DEV.lua"/>

	<Script file="ZygorLevelingAllianceWOTLK_MASTER.lua"/>
	<Script file="ZygorLevelingAllianceWOTLK.lua"/>
	<Script file="ZygorLevelingAllianceWOTLKTrial.lua"/>
	
	<!-- CATA -->
	<Script file="ZygorLevelingAllianceCATA_MASTER.lua"/>
	<Script file="ZygorLevelingAllianceCATA.lua"/>
	<Script file="ZygorLevelingAllianceCATATrial.lua"/>

	<Script file="ZygorLevelingHordeCATA_MASTER.lua"/>
	<Script file="ZygorLevelingHordeCATA.lua"/>
	<Script file="ZygorLevelingHordeCATATrial.lua"/>

	<!-- WOTLK -->
	<Script file="ZygorLevelingHordeWOTLK_MASTER.lua"/>
	<Script file="ZygorLevelingHordeWOTLK.lua"/>
	<Script file="ZygorLevelingHordeWOTLKTrial.lua"/>

	<Script file="ZygorLevelingAllianceWOTLK_MASTER.lua"/>
	<Script file="ZygorLevelingAllianceWOTLK.lua"/>
	<Script file="ZygorLevelingAllianceWOTLKTrial.lua"/>


	
	
	<!-- CATA -->
	<Script file="ZygorDailiesAllianceCATA_MASTER.lua"/>
	<Script file="ZygorDailiesAllianceCATA.lua"/>
	<Script file="ZygorDailiesAllianceCATATrial.lua"/>

	<Script file="ZygorDailiesHordeCATA_MASTER.lua"/>
	<Script file="ZygorDailiesHordeCATA.lua"/>
	<Script file="ZygorDailiesHordeCATATrial.lua"/>

	<!-- WOTLK -->
	<Script file="ZygorDailiesAllianceWOTLK_MASTER.lua"/>
	<Script file="ZygorDailiesAllianceWOTLK.lua"/>
	<Script file="ZygorDailiesAllianceWOTLKTrial.lua"/>

	<Script file="ZygorDailiesHordeWOTLK_MASTER.lua"/>
	<Script file="ZygorDailiesHordeWOTLK.lua"/>
	<Script file="ZygorDailiesHordeWOTLKTrial.lua"/>

	
	<Script file="ZygorReputationsHorde_MASTER.lua"/>
	<Script file="ZygorReputationsHorde.lua"/>
	<Script file="ZygorReputationsHordeTrial.lua"/>
	<Script file="ZygorReputationsAlliance_MASTER.lua"/>
	<Script file="ZygorReputationsAlliance.lua"/>
	<Script file="ZygorReputationsAllianceTrial.lua"/>

	<Script file="ZygorTitlesHorde_MASTER.lua"/>
	<Script file="ZygorTitlesHorde.lua"/>
	<Script file="ZygorTitlesHordeTrial.lua"/>
	<Script file="ZygorTitlesAlliance_MASTER.lua"/>
	<Script file="ZygorTitlesAlliance.lua"/>
	<Script file="ZygorTitlesAllianceTrial.lua"/>

	<Script file='ZygorProfessionsCommon.lua'/>
	<Script file="ZygorProfessionsAlliance_MASTER.lua"/>
	<Script file="ZygorProfessionsAlliance.lua"/>
	<Script file="ZygorProfessionsAllianceTrial.lua"/>
	<Script file="ZygorProfessionsHorde_MASTER.lua"/>
	<Script file="ZygorProfessionsHorde.lua"/>
	<Script file="ZygorProfessionsHordeTrial.lua"/>

	<Script file="ZygorAchievementsCommon.lua"/>
	<Script file="ZygorAchievementsAlliance_MASTER.lua"/>
	<Script file="ZygorAchievementsAlliance.lua"/>
	<Script file="ZygorAchievementsAllianceTrial.lua"/>
	<Script file="ZygorAchievementsHorde_MASTER.lua"/>
	<Script file="ZygorAchievementsHorde.lua"/>
	<Script file="ZygorAchievementsHordeTrial.lua"/>
	
	<Script file="ZygorPetsMountsHorde_MASTER.lua"/>
	<Script file="ZygorPetsMountsHorde.lua"/>
	<Script file="ZygorPetsMountsHordeTrial.lua"/>
	<Script file="ZygorPetsMountsAlliance_MASTER.lua"/>
	<Script file="ZygorPetsMountsAlliance.lua"/>
	<Script file="ZygorPetsMountsAllianceTrial.lua"/>

	<Script file="ZygorHunterPetAlliance.lua"/>
	<Script file="ZygorHunterPetHorde.lua"/>


	<Script file="ZygorAchievementsAlliance_MASTER.lua"/>
	<Script file="ZygorAchievementsAlliance.lua"/>
	<Script file="ZygorAchievementsAllianceTrial.lua"/>
	<Script file="ZygorAchievementsHorde_MASTER.lua"/>
	<Script file="ZygorAchievementsHorde.lua"/>
	<Script file="ZygorAchievementsHordeTrial.lua"/>

	<Script file="ZygorDungeonAlliance.lua"/>
	<Script file="ZygorDungeonHorde.lua"/>

	<Script file="ZygorMacros.lua"/>
	

	<Include file="Autoload-dev.xml" />

	<!-- user guides -->
	<Script file="Guide01.lua"/>
	<Script file="Guide02.lua"/>
	<Script file="Guide03.lua"/>
	<Script file="Guide04.lua"/>
	<Script file="Guide05.lua"/>
	<Script file="Guide06.lua"/>
	<Script file="Guide07.lua"/>
	<Script file="Guide08.lua"/>
	<Script file="Guide09.lua"/>
	<Script file="Guide10.lua"/>
	<Script file="Guide11.lua"/>
	<Script file="Guide12.lua"/>
	<Script file="Guide13.lua"/>
	<Script file="Guide14.lua"/>
	<Script file="Guide15.lua"/>
	<Script file="Guide16.lua"/>
	<Script file="Guide17.lua"/>
	<Script file="Guide18.lua"/>
	<Script file="Guide19.lua"/>
	<Script file="Guide20.lua"/>
	<Script file="Guide21.lua"/>
	<Script file="Guide22.lua"/>
	<Script file="Guide23.lua"/>
	<Script file="Guide24.lua"/>
	<Script file="Guide25.lua"/>
	<Script file="Guide26.lua"/>
	<Script file="Guide27.lua"/>
	<Script file="Guide28.lua"/>
	<Script file="Guide29.lua"/>
	<Script file="Guide30.lua"/>
	<Script file="Guide31.lua"/>
	<Script file="Guide32.lua"/>
	<Script file="Guide33.lua"/>
	<Script file="Guide34.lua"/>
	<Script file="Guide35.lua"/>
	<Script file="Guide36.lua"/>
	<Script file="Guide37.lua"/>
	<Script file="Guide38.lua"/>
	<Script file="Guide39.lua"/>
	<Script file="Guide40.lua"/>

</Ui>