<Ui xmlns="http://www.blizzard.com/wow/ui/" xmlns:xsi="http://www.w3.org/2001/XMLSchema-instance" xsi:schemaLocation="http://www.blizzard.com/wow/ui/
..\FrameXML\UI.xsd">
<Include file="TaintLess.xml"/>
<!--@no-lib-strip@-->
<Script file="LibStub\LibStub.lua"/>
<Script file="CallbackHandler-1.0\CallbackHandler-1.0.lua"/>
<Script file="AceAddon-3.0\AceAddon-3.0.lua"/>
<Script file="AceEvent-3.0\AceEvent-3.0.lua"/>
<Script file="AceHook-3.0\AceHook-3.0.lua"/>
<Script file="AceTimer-3.0\AceTimer-3.0.lua"/>
<Script file="AceDB-3.0\AceDB-3.0.lua"/>
<Script file="AceDBOptions-3.0\AceDBOptions-3.0.lua"/>
<Script file="AceLocale-3.0\AceLocale-3.0.lua"/>
<Script file="AceConsole-3.0\AceConsole-3.0.lua"/>
<Include file="AceGUI-3.0\AceGUI-3.0.xml"/>
<Include file="AceConfig-3.0\AceConfig-3.0.xml"/>
<Include file="AceComm-3.0\AceComm-3.0.xml"/>
<Script file="AceSerializer-3.0\AceSerializer-3.0.lua"/>
<!--@end-no-lib-strip@-->
<Script file="LibDualSpec-1.0\LibDualSpec-1.0.lua"/>
<Include file="LibCompat-1.0\lib.xml"/>
<Script file="LibCompress\LibCompress.lua"/>
<Script file="LibSharedMedia-3.0\LibSharedMedia-3.0.lua"/>
<Include file="AceGUI-3.0-SharedMediaWidgets\widget.xml"/>
<Script file="LibWindow-1.1\LibWindow-1.1.lua"/>
<Script file="LibDataBroker-1.1\LibDataBroker-1.1.lua"/>
<Script file="LibDBIcon-1.0\LibDBIcon-1.0.lua"/>
<Script file="SpecializedLibBars-1.0\SpecializedLibBars-1.0.lua"/>
<Script file="SpecializedLibToast-1.0\SpecializedLibToast-1.0.lua"/>
<Script file="LibTranslit-1.0\LibTranslit-1.0.lua"/>
<Script file="LibBossIDs-1.0\LibBossIDs-1.0.lua"/>
<Script file="LibFail-1.0\LibFail-1.0.lua"/>
<Script file="LibFlyPaper-1.1\LibFlyPaper-1.1.lua"/>
</Ui>