<Ui xmlns="http://www.blizzard.com/wow/ui/" xmlns:xsi="http://www.w3.org/2001/XMLSchema-instance" xsi:schemaLocation="http://www.blizzard.com/wow/ui/
..\FrameXML\UI.xsd">
<Include file="TaintLess.xml" />
<!--@no-lib-strip@-->
<Script file="LibStub\LibStub.lua" />
<Script file="CallbackHandler-1.0\CallbackHandler-1.0.lua" />
<Script file="AceEvent-3.0\AceEvent-3.0.lua" />
<Script file="AceHook-3.0\AceHook-3.0.lua" />
<Include file="AceGUI-3.0\AceGUI-3.0.xml"/>
<Include file="AceConfig-3.0\AceConfig-3.0.xml"/>
<!--@end-no-lib-strip@-->
<Script file="LibDataBroker-1.1\LibDataBroker-1.1.lua"/>
<Script file="LibDBIcon-1.0\LibDBIcon-1.0.lua"/>
<Script file="LibSharedMedia-3.0\LibSharedMedia-3.0.lua"/>
<Include file="AceGUI-3.0-SharedMediaWidgets\widget.xml"/>
<Script file="LibInternalCooldowns\LibInternalCooldowns.lua" />
<Script file="LibQTip-1.0\LibQTip-1.0.lua" />
<Include file="libTab-1.0\libTab-1.0.xml" />
<Script file="LibItemSearch-1.0\LibItemSearch-1.0.lua" />
<Include file="LibGroupTalents-1.0\lib.xml"/>
<Script file="LibBars-1.0\LibBars-1.0.lua" />
<Include file="UTF8\UTF8.xml"/>
</Ui>